{"cameraMode":{"drawMode":0,"name":"Shaded","section":"Shading Mode"},"sceneLighting":true,"audioPlay":false,"sceneViewState":{"showFog":true,"showMaterialUpdate":false,"showSkybox":true,"showFlares":true,"showImageEffects":true,"showParticleSystems":true,"showVisualEffectGraphs":true,"m_FxEnabled":true},"in2DMode":false,"pivot":{"x":-2.1239514350891115,"y":-1.116135597229004,"z":13.918920516967774},"rotation":{"x":-0.006310099270194769,"y":0.011098360642790795,"z":-0.00002434708585496992,"w":-0.9999563097953796},"size":10.224238395690918,"orthographic":false}